{
    "stat": {
        "outputSizePerQuad": 177.0,
        "nMops": 3140,
        "ru_self_cgstart": {
            "ru_nivcsw": 15,
            "ru_stime_sec": 0.062559000000000003,
            "ru_utime_sec": 0.39819700000000002,
            "ru_majflt": 0,
            "ru_maxrss_kb": 59240,
            "ru_minflt": 17896,
            "ru_nvcsw": 261
        },
        "ru_childs_cgstart": {
            "ru_nivcsw": 10,
            "ru_stime_sec": 0.0079089999999999994,
            "ru_utime_sec": 0.0049069999999999999,
            "ru_majflt": 0,
            "ru_maxrss_kb": 20468,
            "ru_minflt": 2843,
            "ru_nvcsw": 12
        },
        "mopSpeed": 51643.887436061916,
        "quadSpeed": 24193.681024983143,
        "nQuads": 1471,
        "totalObjSize": 261334,
        "ru_self_end": {
            "ru_nivcsw": 21,
            "ru_stime_sec": 0.099999000000000005,
            "ru_utime_sec": 0.45899800000000002,
            "ru_majflt": 0,
            "ru_maxrss_kb": 66384,
            "ru_minflt": 22076,
            "ru_nvcsw": 460
        },
        "ru_childs_end": {
            "ru_nivcsw": 11,
            "ru_stime_sec": 0.16500400000000001,
            "ru_utime_sec": 0.47922199999999998,
            "ru_majflt": 0,
            "ru_maxrss_kb": 36216,
            "ru_minflt": 37539,
            "ru_nvcsw": 645
        },
        "CodeGen(%)": 13.246462947550969,
        "Frontend(%)": 86.753537052449033,
        "mop/quad": 2.1346023113528214
    },
    "NameTable": {
        "_vcs_unit__546175923": [
            "_vcs_unit__546175923",
            "fAMCB",
            "module"
        ],
        "ripple_carry_adder_0000": [
            "ripple_carry_adder_0000",
            "nr2NV",
            "module"
        ],
        "countFSM": [
            "countFSM",
            "Bb4h8",
            "module"
        ],
        "std": [
            "std",
            "reYIK",
            "module"
        ],
        "agc_ram": [
            "agc_ram",
            "DvDiU",
            "module"
        ],
        "addr_translate_ROM": [
            "addr_translate_ROM",
            "I9T3V",
            "module"
        ],
        "...MASTER...": [
            "SIM",
            "amcQw",
            "module"
        ],
        "altsyncram_0000": [
            "altsyncram_0000",
            "Q0s3L",
            "module"
        ],
        "Core": [
            "Core",
            "fsHFs",
            "module"
        ],
        "full_adder": [
            "full_adder",
            "BEdzp",
            "module"
        ],
        "TB": [
            "TB",
            "sH4Fc",
            "module"
        ],
        "agc_rom_new": [
            "agc_rom_new",
            "YaxfH",
            "module"
        ],
        "decoder": [
            "decoder",
            "zf0bY",
            "module"
        ],
        "counter": [
            "counter",
            "MQn6b",
            "module"
        ],
        "convert_1c_2c": [
            "convert_1c_2c",
            "EHhqJ",
            "module"
        ],
        "IO_register_file": [
            "IO_register_file",
            "e2KCL",
            "module"
        ],
        "addr_translate_RAM": [
            "addr_translate_RAM",
            "A8YZN",
            "module"
        ],
        "ALTERA_MF_MEMORY_INITIALIZATION": [
            "ALTERA_MF_MEMORY_INITIALIZATION",
            "er73t",
            "module"
        ],
        "ALTERA_DEVICE_FAMILIES": [
            "ALTERA_DEVICE_FAMILIES",
            "uFC8u",
            "module"
        ]
    },
    "CompileStrategy": "fullobj",
    "SIMBData": {
        "out": "amcQwB.o",
        "bytes": 88656
    },
    "LVLData": [
        "SIM"
    ],
    "CurCompileUdps": {},
    "CurCompileModules": [
        "...MASTER...",
        "countFSM",
        "TB",
        "addr_translate_ROM",
        "addr_translate_RAM",
        "full_adder",
        "decoder",
        "agc_rom_new",
        "counter",
        "_vcs_unit__546175923"
    ],
    "CompileStatus": "Successful",
    "PEModules": [],
    "CompileProcesses": [
        "cgproc.4164.json",
        "cgproc.4170.json",
        "cgproc.4171.json",
        "cgproc.4172.json",
        "cgproc.4173.json",
        "cgproc.4174.json",
        "cgproc.4175.json",
        "cgproc.4176.json",
        "cgproc.4177.json",
        "cgproc.4178.json"
    ],
    "Misc": {
        "cwd": "/afs/ece.cmu.edu/usr/cabernar/Private/capstone/virtualagc/sv",
        "default_output_dir": "csrc",
        "daidir_abs": "/afs/ece.cmu.edu/usr/cabernar/Private/capstone/virtualagc/sv/simv.daidir",
        "csrc": "csrc",
        "csrc_abs": "/afs/ece.cmu.edu/usr/cabernar/Private/capstone/virtualagc/sv/csrc",
        "daidir": "/afs/ece.cmu.edu/usr/cabernar/Private/capstone/virtualagc/sv/simv.daidir",
        "archive_dir": "archive.0"
    }
}